msa,auto_commuters,annual_excess_fuel_consumed_commuters,Annual Hours of Delay (Person Hours),AHD per Auto Commuter,tti,dvmt_freeway,ahd_truck,vmt_arterial
"Akron, OH",298,6741,15835,38,1.1,6107,716,4669
"Albany-Schenectady, NY",297,6240,15617,49,1.15,6569,732,5442
"Albuquerque, NM",386,9099,21780,47,1.17,6037,979,7975
"Allentown, PA-NJ",343,5728,14953,37,1.16,5490,601,5266
"Anchorage, AK",138,2747,7304,43,1.18,950,227,2081
"Atlanta, GA",2417,121952,230899,78,1.3,56583,10674,60396
"Austin, TX",893,30205,81069,68,1.35,16800,3545,15551
"Bakersfield, CA",289,3598,9684,26,1.15,2846,459,4198
"Baltimore, MD",1275,39125,102994,63,1.26,31258,4231,19327
"Baton, Rouge",344,12196,25307,61,1.22,6315,2049,7994
"Beaumont, TX",82,1999,4772,42,1.12,2272,210,1745
"Birmingham, AL",417,11276,28789,51,1.17,12349,1473,9015
"Boise, ID",204,5659,12525,44,1.18,2040,486,4515
"Boston, MA-NH-RI",1755,86430,209231,86,1.28,45261,7478,45773
"Boulder, CO",67,2285,4865,48,1.22,720,163,1112
"Bridgeport-Stamford, CT-NY",484,16449,39387,58,1.3,10562,2365,5971
"Brownsville, TX",123,2764,5944,36,1.13,1038,231,1734
"Buffalo, NY",444,11904,27343,49,1.16,6867,1019,9880
"Cape, Coral",322,8916,21377,45,1.19,2379,725,8052
"Charleston-North, Charleston",325,9369,24780,58,1.24,4434,891,7373
"Charlotte, NC-SC",741,18348,51737,53,1.22,16470,2041,14768
"Chicago, IL-IN",3446,136878,331657,74,1.29,57332,16360,76267
"Cincinnati, OH-KY-IN",858,25279,57734,52,1.17,19129,2343,14062
"Cleveland, OH",874,27628,53157,47,1.14,19049,2274,13711
"Colorado, Springs",303,7792,20010,48,1.16,5708,652,5605
"Columbia, SC",306,6564,16893,44,1.15,7698,629,6325
"Columbus, OH",778,19677,46578,49,1.18,17052,1979,13107
"Corpus, Christi",178,4907,9813,39,1.13,4077,513,2523
"Dallas-Fort, Worth-Arlington",2684,83609,219759,65,1.25,74121,9846,46453
"Dayton, OH",375,6379,14481,32,1.12,8188,662,6281
"Denver-Aurora, CO",1358,44960,111366,62,1.32,27910,4637,23581
"Detroit, MI",2045,60243,159551,60,1.23,33055,6457,46532
"El, Paso",419,10965,24967,45,1.16,7219,1233,6934
"Eugene, OR",123,3176,6504,38,1.15,1508,385,1944
"Fresno, CA",359,7821,19335,40,1.15,4657,875,5398
"Grand, Rapids",330,7101,17240,41,1.12,5932,661,7864
"Greensboro, NC",172,3173,7697,36,1.13,6484,339,3864
"Hartford, CT",449,12053,28583,52,1.17,11496,1307,7744
"Honolulu, HI",384,16276,38532,68,1.42,6559,1686,3314
"Houston, TX",2616,105899,263239,76,1.34,61837,12015,51392
"Indianapolis, IN",812,21655,47617,52,1.18,15595,2488,17860
"Indio-Cathedral, City",186,2405,5832,14,1.1,2176,249,4352
"Jackson, MS",199,4989,12836,44,1.13,5294,529,6477
"Jacksonville, FL",601,14458,40733,53,1.21,14504,1501,9891
"Kansas, City",834,20971,51326,50,1.16,24422,3187,13987
"Knoxville, TN",315,7705,17570,45,1.14,7272,1124,9034
"Lancaster-Palmdale, CA",200,1287,5089,21,1.09,1031,220,3690
"Laredo, TX",138,3755,7487,35,1.17,505,567,2460
"Las, Vegas-Henderson",1060,24594,60761,50,1.25,13403,2343,17225
"Little, Rock",246,10582,20266,46,1.14,8741,2471,5542
"Los, Angeles-Long",5796,345453,952183,119,1.52,134435,36779,108348
"Louisville-Jefferson, County",587,13501,30610,48,1.17,10683,1807,7760
"Madison, WI",201,5182,12064,42,1.16,3990,690,3631
"McAllen, TX",413,9266,22555,42,1.17,3692,903,6868
"Memphis, TN-MS-AR",575,15133,31809,54,1.18,10000,2183,15472
"Miami, FL",2827,120912,309019,74,1.34,49276,11577,53935
"Milwaukee, WI",687,18582,39610,47,1.16,12573,1857,16027
"Minneapolis-St., Paul",1417,40837,110297,59,1.26,32596,3975,26332
"Nashville-Davidson, TN",629,25006,59525,66,1.23,22252,4350,14962
"New, Haven",265,6472,15397,44,1.15,7846,634,4162
"New, Orleans",515,23123,51289,54,1.33,5468,3499,7121
"New, York-Newark",6005,335880,846704,96,1.36,124338,36628,106975
"Oklahoma, City",555,16039,41004,47,1.2,11329,2434,8955
"Omaha, NE-IA",409,9137,22404,44,1.18,6817,612,6641
"Orlando, FL",879,28577,71267,61,1.24,17757,2939,19102
"Oxnard, CA",191,2413,6499,34,1.16,2035,342,2741
"Pensacola, FL-AL",182,4539,10537,48,1.16,1974,322,5489
"Philadelphia, PA-NJ-DE-MD",2308,69310,172804,63,1.24,40151,6995,46150
"Phoenix-Mesa, AZ",2128,67049,168382,61,1.29,34114,7765,41783
"Pittsburgh, PA",847,19340,44556,45,1.18,13417,1880,15228
"Portland, OR-WA",909,35070,78309,68,1.35,15180,4039,14939
"Poughkeepsie-Newburgh, NY-NJ",203,3611,8682,36,1.1,5452,338,4868
"Providence, RI-MA",614,15652,37425,47,1.16,10655,1147,10256
"Provo-Orem, UT",263,5132,9621,27,1.12,5535,1047,4074
"Raleigh, NC",541,9615,26220,40,1.17,11003,1027,13008
"Richmond, VA",515,9287,23510,35,1.12,13411,840,10769
"Riverside-San, Bernardino",1127,33296,99863,64,1.33,28797,4488,13097
"Rochester, NY",359,7115,16489,41,1.16,6342,658,6792
"Sacramento, CA",940,23239,71079,56,1.27,17785,2122,13290
"Salem, OR",130,3162,6772,40,1.15,1837,304,2175
"Salt, Lake",544,14916,29571,46,1.17,9938,1470,10114
"San, Antonio",1040,28260,71905,52,1.23,25775,3471,18230
"San, Diego",1450,34240,145568,64,1.34,41928,5394,20670
"San, Francisco-Oakland",1299,92997,255724,103,1.51,38048,13453,20683
"San, Jose",1014,41655,118687,80,1.44,18094,5443,13768
"San, Juan",998,29219,77006,57,1.32,10012,2680,10794
"Sarasota-Bradenton, FL",364,7403,17519,35,1.18,3416,726,7114
"Seattle, WA",1588,67508,168998,77,1.37,30928,6966,27890
"Spokane, WA",215,5777,11913,47,1.16,2542,548,4502
"Springfield, MA-CT",311,6986,15218,40,1.11,5861,658,6553
"St., Louis",1117,29582,71517,46,1.14,31993,4358,18896
"Stockton, CA",206,4031,10797,34,1.17,4157,720,2120
"Tampa-St., Petersburg",1380,40492,98821,53,1.25,17908,3909,31965
"Toledo, OH-MI",263,4075,11042,39,1.13,4446,490,4693
"Tucson, AZ",433,13696,31552,50,1.2,4177,1867,9754
"Tulsa, OK",399,8317,21870,41,1.13,7395,1021,8160
"Virginia, Beach",751,14318,38378,43,1.16,12950,1215,14757
"Washington, DC-VA-MD",1903,98110,256476,105,1.36,45408,9809,43614
"Wichita, KS",278,4021,10790,36,1.13,4375,426,2636
"Winston-Salem, NC",217,2794,7752,26,1.1,6359,290,2618
"Worcester, MA-CT",251,5575,13085,42,1.13,7166,570,5811
"Aberdeen-Bel, Air",124,1943,5257,23,1.11,,222,
"Abilene, TX",64,1282,2548,20,1.07,,172,
"Aguadilla-Isabela-San, Sebastian",152,2786,4759,16,1.22,,475,
"Albany, GA",54,870,1905,18,1.08,,96,
"Albany, OR",35,465,1046,9,1.06,,78,
"Alexandria, LA",46,1167,2482,27,1.11,,234,
"Alton, IL-MO",47,6,13,2,1.03,,1,
"Altoona, PA",45,644,1393,17,1.06,,50,
"Amarillo, TX",116,2198,4600,20,1.1,,239,
"Ames, IA",36,400,939,8,1.08,,23,
"Anderson, IN",52,651,1476,16,1.04,,109,
"Anderson, SC",46,938,1948,22,1.1,,116,
"Ann, Arbor",175,2706,6726,21,1.1,,329,
"Anniston-Oxford, AL",47,710,1818,21,1.06,,66,
"Antioch, CA",176,2704,9345,33,1.23,,191,
"Appleton, WI",128,1707,3821,16,1.05,,173,
"Arecibo, PR",72,1321,3462,25,1.2,,349,
"Arroyo, Grande-Grover",31,1402,2223,21,1.14,,146,
"Asheville, NC",175,3329,8689,28,1.08,,318,
"Athens-Clarke, County",78,1587,3772,26,1.1,,128,
"Atlantic, City",139,2063,5097,21,1.07,,220,
"Auburn, AL",50,1181,2672,30,1.09,,83,
"Augusta-Richmond, County",225,3749,8536,26,1.09,,435,
"Avondale-Goodyear, AZ",135,2436,6054,23,1.09,,395,
"Bangor, ME",36,723,1689,28,1.09,,88,
"Barnstable, Town",142,2195,5252,20,1.05,,226,
"Battle, Creek",45,542,1313,15,1.05,,88,
"Bay, City",42,526,1244,17,1.06,,44,
"Beckley, WV",37,517,1168,12,1.05,,129,
"Bellingham, WA",69,1417,3537,28,1.13,,129,
"Beloit, WI-IL",37,339,756,11,1.04,,44,
"Bend, OR",56,1237,2582,24,1.11,,199,
"Benton, Harbor-St.",34,333,790,14,1.03,,44,
"Billings, MT",68,1217,2710,21,1.1,,91,
"Binghamton, NY-PA",91,1329,3539,20,1.06,,145,
"Bismarck, ND",52,791,1808,19,1.09,,36,
"Blacksburg, VA",53,598,1401,15,1.07,,28,
"Bloomington, IN",67,847,1888,16,1.1,,112,
"Bloomington-Normal, IL",77,678,1581,11,1.04,,52,
"Bloomsburg-Berwick, PA",30,287,778,10,1.04,,41,
"Bonita, Springs",208,4939,11485,32,1.14,,402,
"Bowling, Green",53,1397,2808,32,1.14,,141,
"Bremerton, WA",123,2059,5142,25,1.14,,183,
"Bristol, TN-VA",42,676,1771,23,1.05,,120,
"Brunswick, GA",44,687,1513,21,1.05,,73,
"Burlington, NC",78,948,2105,16,1.04,,86,
"Burlington, VT",65,1289,3024,25,1.1,,116,
"Camarillo, CA",43,724,2845,37,1.19,,95,
"Canton, OH",160,2776,6366,22,1.06,,282,
"Cape, Girardeau",31,550,1224,18,1.08,,55,
"Carbondale, IL",40,319,784,11,1.05,,28,
"Carson, City",34,512,1193,13,1.09,,56,
"Cartersville, GA",39,628,1462,22,1.04,,72,
"Casa, Grande",34,508,907,10,1.05,,77,
"Casper, WY",44,450,1116,15,1.09,,57,
"Cedar, Rapids",108,1567,3752,19,1.09,,181,
"Chambersburg, PA",30,404,872,8,1.05,,67,
"Champaign, IL",87,826,1875,12,1.06,,69,
"Charleston, WV",101,1087,2669,17,1.05,,250,
"Charlottesville, VA",60,1561,4026,38,1.18,,83,
"Chattanooga, TN-GA",228,6079,12878,32,1.13,,1065,
"Cheyenne, WY",45,513,1193,14,1.06,,48,
"Chico, CA",62,780,1793,17,1.1,,72,
"Clarksville, TN-KY",103,2049,3995,22,1.12,,280,
"Cleveland, TN",47,882,1865,24,1.07,,143,
"Coeur, d'Alene",65,1150,2632,23,1.09,,70,
"College, Station-Bryan",114,2677,5657,32,1.16,,254,
"Columbia, MO",76,1199,2845,20,1.1,,186,
"Columbus, GA-AL",152,2521,5458,20,1.08,,266,
"Columbus, IN",34,387,877,10,1.05,,52,
"Concord, CA",368,12940,41430,49,1.2,,1906,
"Concord, NC",140,2163,5195,23,1.11,,256,
"Conroe-The, Woodlands",166,3838,9533,34,1.18,,507,
"Conway, AR",46,851,1933,26,1.05,,55,
"Corvallis, OR",38,406,905,11,1.11,,40,
"Cumberland, MD-WV-PA",30,687,1518,23,1.1,,98,
"Dalton, GA",52,791,1772,20,1.05,,92,
"Danbury, CT-NY",100,1388,3479,20,1.11,,143,
"Danville, IL",28,247,541,9,1.05,,22,
"Daphne-Fairhope, AL",40,1027,2564,26,1.11,,83,
"Davenport, IA-IL",166,1733,4002,14,1.05,,138,
"Davis, CA",45,1018,3194,40,1.19,,172,
"DeKalb, IL",43,281,641,9,1.04,,20,
"Decatur, AL",52,839,1876,24,1.08,,82,
"Decatur, IL",36,463,1091,11,1.07,,48,
"Delano, CA",30,321,1087,15,1.13,,72,
"Deltona, FL",116,1540,3343,16,1.08,,139,
"Denton-Lewisville, TX",236,5280,12450,32,1.18,,554,
"Des, Moines",287,3641,8791,17,1.07,,353,
"Dothan, AL",47,1298,2901,33,1.11,,131,
"Dover, DE",67,1219,2777,22,1.09,,120,
"Dover-Rochester, NH-ME",52,772,1827,20,1.07,,77,
"Dubuque, IA-IL",42,573,1214,14,1.09,,61,
"Duluth, MN-WI",72,875,2093,16,1.07,,78,
"Durham, NC",218,4613,12999,35,1.17,,364,
"East, Stoudsburg",33,640,1480,9,1.05,,91,
"Eau, Claire",62,611,1549,14,1.06,,82,
"El, Centro-Calexico",68,844,1754,14,1.12,,83,
"El, Paso",40,942,2556,35,1.13,,151,
"Elizabethtown-Radcliff, KY",46,644,1496,16,1.09,,63,
"Elkhart, IN-MI",83,1036,2252,14,1.07,,133,
"Elmira, NY",40,424,974,13,1.05,,47,
"Erie, PA",113,1551,3547,17,1.08,,121,
"Evansville, IN-KY",135,2061,4685,18,1.09,,187,
"Fairbanks, AK",39,1065,2472,34,1.14,,89,
"Fairfield, CA",82,2779,8551,43,1.19,,306,
"Fajardo, PR",44,230,710,8,1.21,,149,
"Fargo, ND-MN",117,1826,4052,21,1.16,,111,
"Farmington, NM",32,597,1154,14,1.09,,38,
"Fayetteville, NC",185,2807,7829,23,1.1,,241,
"Fayetteville-Springdale-Rogers, AR-MO",195,4680,10490,32,1.14,,419,
"Flagstaff, AZ",46,681,1467,17,1.08,,87,
"Flint, MI",189,2274,5663,15,1.05,,213,
"Florence, AL",48,1122,2481,29,1.12,,84,
"Florence, SC",56,1321,3186,31,1.12,,147,
"Florida-Imbrey-Barceloneta, PR",37,393,724,10,1.11,,88,
"Fond, du",34,350,786,10,1.04,,34,
"Fort, Collins",170,2671,6704,23,1.11,,236,
"Fort, Smith",73,1364,3068,23,1.06,,84,
"Fort, Walton",125,2492,5453,24,1.14,,173,
"Fort, Wayne",183,2890,6291,19,1.09,,344,
"Frederick, MD",89,1474,4098,27,1.13,,179,
"Fredericksburg, VA",90,2240,5431,31,1.14,,243,
"Gadsden, AL",38,906,2013,30,1.11,,102,
"Gainesville, FL",116,2727,5843,28,1.17,,179,
"Gainesville, GA",85,1599,3636,25,1.09,,161,
"Gastonia, NC-SC",104,1760,4474,25,1.09,,185,
"Gilroy-Morgan, Hill",66,1103,4031,35,1.2,,171,
"Glens, Falls",37,676,1580,22,1.05,,53,
"Goldsboro, NC",36,570,1336,19,1.08,,42,
"Grand, Forks",38,1085,2338,23,1.08,,65,
"Grand, Island",30,314,744,9,1.08,,26,
"Grand, Junction",76,689,1649,12,1.07,,70,
"Grants, Pass",31,541,1192,13,1.05,,74,
"Great, Falls",38,426,960,13,1.11,,32,
"Greeley, CO",79,1307,3312,26,1.16,,134,
"Green, Bay",121,1581,3703,16,1.06,,205,
"Greenville, NC",74,1942,4259,31,1.16,,130,
"Greenville, SC",245,5500,13331,30,1.15,,739,
"Guayama, PR",36,362,855,11,1.13,,165,
"Gulfport, MS",129,2386,5530,24,1.07,,160,
"Hagerstown, MD-WV-PA",112,1568,3367,16,1.04,,265,
"Hammond, LA",42,668,1294,17,1.03,,134,
"Hanford, CA",54,319,956,10,1.08,,58,
"Hanover, PA",38,562,1207,13,1.07,,60,
"Harlingen, TX",84,1469,3120,15,1.06,,127,
"Harrisburg, PA",267,5017,11662,35,1.1,,781,
"Harrisonburg, VA",42,745,1703,24,1.07,,44,
"Hattiesburg, MS",47,1018,2378,27,1.1,,74,
"Hazleton, PA",32,395,966,19,1.05,,41,
"Hemet, CA",105,809,1568,10,1.14,,98,
"Hickory, NC",132,1839,4441,19,1.05,,184,
"High, Point",99,1335,3037,15,1.05,,101,
"Hilton, Head",43,800,2065,21,1.17,,111,
"Hinesville, GA",30,298,719,11,1.08,,24,
"Holland, MI",61,562,1363,12,1.06,,48,
"Homosassa, Spr-Beverly",50,719,1600,16,1.08,,80,
"Hot, Springs",32,637,1635,23,1.07,,35,
"Houma, LA",85,1418,2700,17,1.08,,200,
"Huntington, WV-KY-OH",117,1634,3952,19,1.06,,198,
"Huntsville, AL",174,3782,10482,28,1.12,,267,
"Idaho, Falls",57,631,1397,11,1.06,,43,
"Iowa, City",71,878,2023,16,1.07,,95,
"Ithaca, NY",33,647,1637,28,1.17,,57,
"Jackson, MI",53,627,1575,17,1.07,,80,
"Jackson, TN",43,1178,2316,24,1.08,,174,
"Jacksonville, NC",63,1081,2557,20,1.11,,74,
"Janesville, WI",42,595,1528,19,1.07,,83,
"Jefferson, City",32,575,1537,22,1.09,,62,
"Johnson, City",72,1256,2686,18,1.06,,123,
"Johnstown, PA",41,373,830,12,1.06,,34,
"Jonesboro, AR",42,853,1995,26,1.09,,104,
"Joplin, MO",50,841,1825,21,1.08,,93,
"Juana, DÃ­az",40,147,350,8,1.19,,34,
"Kahului, HI",36,950,2074,23,1.15,,77,
"Kailua, (Honolulu",65,1432,3232,24,1.22,,147,
"Kalamazoo, MI",124,1625,3807,17,1.05,,116,
"Kankakee, IL",49,553,1158,13,1.05,,63,
"Kennewick-Pasco, WA",135,1809,4270,17,1.08,,224,
"Kenosha, WI-IL",72,1493,3148,23,1.11,,243,
"Killeen, TX",129,1599,3639,14,1.1,,151,
"Kingsport, TN-VA",62,884,2159,18,1.05,,100,
"Kingston, NY",64,797,2122,23,1.04,,86,
"Kissimmee, FL",207,7152,15656,35,1.21,,724,
"Kokomo, IN",38,379,844,9,1.06,,40,
"La, Crosse",60,866,1865,16,1.07,,84,
"Lady, Lake-The",70,858,1761,14,1.1,,91,
"Lafayette, IN",94,1391,2862,18,1.12,,170,
"Lafayette, LA",149,4163,7516,29,1.12,,785,
"Lafayette-Louisville-Erie, CO",56,617,1738,18,1.14,,42,
"Lake, Charles",86,2922,6287,38,1.17,,758,
"Lake, Havasu",32,215,498,6,1.07,,25,
"Lake, Jackson-Angleton",50,922,2205,22,1.08,,122,
"Lakeland, FL",168,2907,6359,18,1.1,,369,
"Lancaster, PA",232,3483,7871,19,1.08,,364,
"Lansing, MI",180,2139,5135,15,1.06,,163,
"Las, Cruces",77,1328,2978,19,1.08,,143,
"Lawrence, KS",55,744,1655,14,1.08,,58,
"Lawton, OK",59,476,1078,7,1.05,,45,
"Lebanon, PA",48,332,762,9,1.08,,38,
"Leesburg-Eustis-Tavares, FL",88,1421,2991,18,1.1,,171,
"Leominster-Fitchburg, MA",68,1025,2464,20,1.07,,85,
"Lewiston, ID-WA",31,353,770,11,1.08,,31,
"Lewiston, ME",36,659,1534,22,1.08,,88,
"Lexington, Park-Cal-Ches",36,553,1387,27,1.2,,42,
"Lexington-Fayette, KY",175,5165,10993,36,1.18,,580,
"Lima, OH",45,448,1016,12,1.06,,48,
"Lincoln, NE",160,2393,5316,17,1.09,,183,
"Livermore, CA",51,1520,4026,47,1.19,,205,
"Lodi, CA",41,1242,2786,38,1.17,,225,
"Logan, UT",62,492,864,8,1.07,,122,
"Lompoc, CA",30,222,502,8,1.1,,38,
"Longmont, CO",59,1059,2858,27,1.17,,91,
"Longview, TX",61,1643,3569,34,1.13,,196,
"Longview, WA-OR",39,677,1554,23,1.08,,83,
"Lorain-Elyria, OH",103,1355,2991,16,1.05,,191,
"Los, Lunas",37,376,838,9,1.08,,30,
"Lubbock, TX",145,2181,4929,19,1.09,,248,
"Lynchburg, VA",72,1546,3651,28,1.11,,79,
"Macon, GA",80,1548,3636,24,1.06,,232,
"Madera, CA",52,673,1486,15,1.11,,112,
"Manchester, NH",91,1693,4056,22,1.07,,203,
"Mandeville-Covington, LA",66,2029,4202,37,1.17,,398,
"Manhattan, KS",34,291,694,9,1.07,,28,
"Mankato, MN",35,300,768,10,1.06,,30,
"Mansfield, OH",45,500,1123,13,1.04,,52,
"Manteca, CA",52,1263,3197,37,1.18,,218,
"Marysville, WA",93,1615,4236,24,1.14,,197,
"Mauldin-Simpsonville, SC",84,1585,3707,27,1.2,,243,
"Mayaguez, PR",56,1593,4489,42,1.21,,391,
"McKinney, TX",134,1724,4003,19,1.11,,220,
"Medford, OR",97,1317,2930,15,1.08,,179,
"Merced, CA",84,871,2030,13,1.09,,135,
"Michigan, City-La",40,356,794,11,1.05,,56,
"Middletown, OH",60,519,1133,14,1.06,,64,
"Midland, MI",35,359,921,11,1.05,,25,
"Midland, TX",81,2718,4805,27,1.11,,501,
"Mission, Viejo-Lake",326,7773,23362,38,1.2,,1332,
"Missoula, MT",52,971,2263,24,1.13,,74,
"Mobile, AL",194,5148,12298,30,1.11,,515,
"Modesto, CA",207,4659,11489,30,1.22,,571,
"Monessen-California, PA",38,362,853,13,1.04,,46,
"Monroe, LA",70,1043,2210,18,1.08,,206,
"Monroe, MI",35,335,767,10,1.04,,44,
"Montgomery, AL",165,3075,7000,25,1.09,,279,
"Morgantown, WV",44,459,1089,12,1.06,,82,
"Morristown, TN",36,570,1294,22,1.09,,48,
"Mount, Vernon",40,682,1583,26,1.1,,79,
"Muncie, IN",53,473,1065,11,1.06,,76,
"Murrieta-Temecula-Menifee, CA",280,4980,13477,29,1.2,,614,
"Muskegon, MI",92,795,1852,11,1.05,,84,
"Myrtle, Beach-Socastee",152,3777,8900,33,1.14,,423,
"Nampa, ID",104,1226,3077,17,1.11,,98,
"Napa, CA",48,1820,4190,46,1.2,,164,
"Nashua, NH-MA",132,2306,5456,22,1.1,,262,
"New, Bedford",87,1458,3466,22,1.07,,146,
"New, Bern",29,387,922,12,1.07,,32,
"Newark, OH",45,1324,2871,19,1.14,,96,
"Norman, OK",63,1595,3803,38,1.13,,184,
"North, Port-Port",113,1541,3331,17,1.09,,134,
"Norwich-New, London",126,1589,3983,24,1.06,,226,
"Ocala, FL",100,2226,4704,27,1.1,,231,
"Odessa, TX",85,2737,4949,40,1.11,,449,
"Ogden-Layton, UT",328,4179,8503,14,1.1,,1268,
"Olympia-Lacey, WA",115,2283,5551,28,1.12,,246,
"Oshkosh, WI",48,458,1012,12,1.05,,48,
"Owensboro, KY",42,606,1188,15,1.07,,106,
"Palm, Bay-Melbourne",274,5429,11076,23,1.1,,563,
"Palm, Coast-Daytona",217,3512,7411,21,1.09,,332,
"Panama, City",92,2345,4861,31,1.15,,233,
"Parkersburg, WV-OH",40,458,1013,11,1.05,,47,
"Pascagoula, MS",29,357,870,15,1.07,,29,
"Peoria, IL",153,1578,3731,13,1.05,,133,
"Petaluma, CA",39,1380,3245,38,1.19,,149,
"Pine, Bluff",31,404,867,11,1.05,,34,
"Pittsfield, MA",34,522,1214,15,1.08,,35,
"Pocatello, ID",43,465,1040,13,1.07,,34,
"Ponce, PR",72,1172,2787,18,1.2,,155,
"Port, Arthur",88,1505,3388,22,1.09,,171,
"Port, Huron",50,710,1600,17,1.08,,129,
"Port, St.",241,4999,10029,23,1.11,,510,
"Porterville, CA",42,195,493,7,1.06,,17,
"Portland, ME",117,2463,5830,28,1.1,,251,
"Portsmouth, NH-ME",70,1209,3074,30,1.07,,161,
"Pottstown, PA",64,698,1603,15,1.06,,73,
"Prescott, Valley-Prescott",57,954,2054,20,1.09,,122,
"Pueblo, CO",82,1165,3125,20,1.11,,126,
"Racine, WI",77,1378,2886,20,1.12,,274,
"Rapid, City",53,840,2010,20,1.07,,76,
"Reading, PA",155,2469,5558,21,1.08,,263,
"Redding, CA",69,1358,3148,23,1.1,,156,
"Reno, NV-CA",244,4728,11229,26,1.13,,524,
"Roanoke, VA",122,2511,5684,25,1.1,,164,
"Rochester, MN",66,912,2323,19,1.1,,79,
"Rock, Hill",68,1272,3096,26,1.14,,152,
"Rockford, IL",169,2579,5627,18,1.07,,229,
"Rocky, Mount",41,537,1220,18,1.05,,37,
"Rome, GA",36,1184,2720,33,1.11,,98,
"Round, Lake",166,166,396,1,1.08,,29,
"Saginaw, MI",70,985,2181,17,1.05,,90,
"Salinas, CA",107,2284,5420,27,1.15,,261,
"Salisbury, MD-DE",59,863,1994,19,1.09,,82,
"San, Angelo",58,1186,2421,18,1.1,,148,
"San, German-Cabo",66,569,1197,10,1.12,,58,
"San, Luis",35,636,1600,20,1.12,,84,
"San, Marcos",42,959,2262,15,1.08,,118,
"Santa, Barbara",117,3801,10286,47,1.23,,705,
"Santa, Clarita",152,2287,7012,28,1.17,,296,
"Santa, Cruz",100,4393,10612,42,1.21,,600,
"Santa, Fe",54,1293,2803,28,1.11,,84,
"Santa, Maria",79,1016,2314,16,1.13,,153,
"Santa, Rosa",173,6630,18461,53,1.21,,685,
"Saratoga, Springs",41,757,1943,26,1.06,,85,
"Savannah, GA",157,4418,9878,35,1.11,,518,
"Scranton, PA",216,3193,7726,19,1.06,,303,
"Seaside-Monterey, CA",72,2347,6195,48,1.21,,388,
"Sebastian-Vero, Bch",93,1142,2529,14,1.09,,119,
"Sebring-Avon, Park",36,455,1039,11,1.11,,72,
"Sheboygan, WI",43,397,845,11,1.06,,31,
"Sherman, TX",43,667,1476,13,1.06,,83,
"Shreveport, LA",170,4271,8524,28,1.08,,904,
"Sierra, Vista",29,256,583,8,1.08,,28,
"Simi, Valley",74,792,2624,20,1.11,,104,
"Sioux, City",64,631,1587,14,1.07,,88,
"Sioux, Falls",99,1546,3529,19,1.07,,108,
"Slidell, LA",54,735,1447,15,1.04,,108,
"South, Bend",157,1647,3716,13,1.06,,247,
"South, Lyon-Howell",74,756,2190,16,1.05,,84,
"Spartanburg, SC",117,2127,5577,26,1.1,,207,
"Spring, Hill",91,950,2322,11,1.08,,81,
"Springfield, IL",93,1090,2510,14,1.06,,129,
"Springfield, MO",165,4020,10702,34,1.17,,575,
"Springfield, OH",50,384,888,9,1.04,,37,
"St., Augustine",45,948,2200,27,1.13,,69,
"St., Cloud",67,901,2054,17,1.07,,84,
"St., George",66,887,1537,12,1.05,,286,
"St., Joseph",45,595,1259,14,1.06,,65,
"State, College",54,550,1282,13,1.07,,29,
"Staunton-Waynesboro, VA",34,525,1245,14,1.06,,22,
"Sumter, SC",44,653,1528,19,1.11,,92,
"Syracuse, NY",239,3081,7819,18,1.07,,284,
"Tallahassee, FL",143,3454,7460,33,1.15,,224,
"Temple, TX",62,1165,2740,27,1.09,,191,
"Terre, Haute",55,861,1905,18,1.07,,111,
"Texarkana, TX-AR",50,1050,2269,20,1.06,,100,
"Texas, City",70,1107,2533,17,1.08,,125,
"Thousand, Oaks",127,2694,9029,41,1.2,,369,
"Titusville, FL",32,360,784,10,1.05,,34,
"Topeka, KS",85,1422,3264,21,1.07,,152,
"Tracy, CA",57,1214,3485,36,1.22,,198,
"Trenton, NJ",167,3275,8467,28,1.11,,311,
"Turlock, CA",64,1245,3215,29,1.15,,223,
"Tuscaloosa, AL",85,2173,5089,31,1.12,,179,
"Twin, Rivers-Highstown",40,767,1912,27,1.11,,67,
"Tyler, TX",84,3048,5666,32,1.18,,472,
"Uniontown-Connellsville, PA",29,356,846,16,1.04,,34,
"Utica, NY",69,916,2208,18,1.05,,84,
"Vacaville, CA",58,896,2860,27,1.11,,104,
"Valdosta, GA",48,912,1910,23,1.06,,116,
"Vallejo, CA",100,3134,8150,40,1.21,,445,
"Victoria, TX",41,991,1972,29,1.11,,115,
"Victorville-Hesperia, CA",191,2454,5764,16,1.08,,339,
"Villas, NJ",28,272,615,10,1.05,,22,
"Vineland, NJ",55,620,1505,14,1.07,,49,
"Visalia, CA",131,1940,4387,18,1.12,,402,
"Waco, TX",107,2912,5929,31,1.09,,476,
"Waldorf, MD",69,1128,2924,23,1.12,,92,
"Walla, Walla-WA-OR",33,317,726,10,1.07,,44,
"Warner, Robins",85,1073,2619,18,1.07,,97,
"Waterbury, CT",112,1797,4389,21,1.14,,185,
"Waterloo, IA",67,491,1328,8,1.05,,51,
"Watertown, NY",32,331,790,9,1.04,,37,
"Watsonville, CA",43,576,1579,20,1.15,,59,
"Wausau, WI",46,526,1213,14,1.04,,66,
"Weirton-Steubenville, WV-OH-PA",40,572,1196,17,1.04,,89,
"Wenatchee, WA",43,805,2061,26,1.16,,72,
"West, Bend",41,340,766,11,1.03,,37,
"Westminster-Eldersburg, MD",43,680,1673,22,1.12,,69,
"Wheeling, WV-OH",58,1004,2133,26,1.04,,186,
"Wichita, Falls",59,864,1922,13,1.07,,78,
"Williamsburg, VA",49,733,1911,19,1.08,,39,
"Williamsport, PA",31,439,1054,20,1.04,,39,
"Wilmington, NC",145,3014,7113,28,1.14,,197,
"Winchester, VA",41,1118,2610,31,1.1,,101,
"Winter, Haven",126,2064,4254,17,1.11,,238,
"Woodland, CA",33,396,943,12,1.08,,43,
"Yakima, WA",77,1385,2961,19,1.11,,173,
"Yauco, PR",42,215,528,6,1.11,,80,
"York, PA",134,2418,5225,21,1.09,,261,
"Youngstown, OH-PA",220,3014,6885,18,1.05,,330,
"Yuba, City",69,1117,2573,20,1.16,,164,
"Yuma, AZ-CA",78,1248,2689,19,1.09,,153,
"Zephyrhills, FL",44,623,1305,19,1.11,,70,
